{"cameraMode":{"drawMode":0,"name":"Shaded","section":"Shading Mode"},"sceneLighting":false,"audioPlay":false,"sceneViewState":{"m_AlwaysRefresh":false,"showFog":true,"showSkybox":false,"showFlares":true,"showImageEffects":true,"showParticleSystems":true,"showVisualEffectGraphs":true,"m_FxEnabled":false},"in2DMode":false,"pivot":{"x":0.024376749992370607,"y":1.3287761211395264,"z":0.4348444938659668},"rotation":{"x":-0.18972061574459077,"y":0.16900946199893952,"z":-0.03317207470536232,"w":-0.966613233089447},"size":2.6658005714416506,"orthographic":false}