{"cameraMode":{"drawMode":0,"name":"Shaded","section":"Shading Mode"},"sceneLighting":true,"audioPlay":false,"sceneViewState":{"m_AlwaysRefresh":false,"showFog":true,"showSkybox":true,"showFlares":true,"showImageEffects":true,"showParticleSystems":true,"showVisualEffectGraphs":true,"m_FxEnabled":false},"in2DMode":false,"pivot":{"x":1.3996038436889649,"y":0.7045550346374512,"z":1.3990254402160645},"rotation":{"x":0.22377201914787293,"y":0.7656643986701965,"z":-0.3477354347705841,"w":0.4927142858505249},"size":12.447110176086426,"orthographic":false}