{"cameraMode":{"drawMode":0,"name":"Shaded","section":"Shading Mode"},"sceneLighting":true,"audioPlay":false,"sceneViewState":{"m_AlwaysRefresh":false,"showFog":true,"showSkybox":true,"showFlares":true,"showImageEffects":true,"showParticleSystems":true,"showVisualEffectGraphs":true,"m_FxEnabled":false},"in2DMode":false,"pivot":{"x":-0.37993764877319338,"y":0.4348602294921875,"z":-0.09766101837158203},"rotation":{"x":0.33699628710746767,"y":-0.19022269546985627,"z":0.06971704214811325,"w":0.9194661378860474},"size":13.212766647338868,"orthographic":false}